<?xml version="1.0" encoding="UTF-8"?>
<project xmlns="http://maven.apache.org/POM/4.0.0" xmlns:xsi="http://www.w3.org/2001/XMLSchema-instance" xsi:schemaLocation="http://maven.apache.org/POM/4.0.0 http://maven.apache.org/maven-v4_0_0.xsd">
  <parent>
    <artifactId>resource-processing-platform</artifactId>
    <groupId>com.ikang.ai.resource</groupId>
    <version>1.0-SNAPSHOT</version>
  </parent>
  <modelVersion>4.0.0</modelVersion>
  <artifactId>resource-flow</artifactId>
  <version>${deploy.version}</version>
  <build>
    <plugins>
      <plugin>
        <groupId>net.alchim31.maven</groupId>
        <artifactId>scala-maven-plugin</artifactId>
        <version>3.2.0</version>
        <executions>
          <execution>
            <id>scala-compile-first</id>
            <phase>process-resources</phase>
            <goals>
              <goal>add-source</goal>
              <goal>compile</goal>
            </goals>
          </execution>
          <execution>
            <id>scala-test-compile</id>
            <phase>process-test-resources</phase>
            <goals>
              <goal>testCompile</goal>
            </goals>
          </execution>
          <execution>
            <id>attach-scaladocs</id>
            <phase>verify</phase>
            <goals>
              <goal>doc-jar</goal>
            </goals>
          </execution>
        </executions>
        <configuration>
          <recompileMode>incremental</recompileMode>
          <fork>true</fork>
          <args>
            <arg>-unchecked</arg>
            <arg>-deprecation</arg>
            <arg>-feature</arg>
            <arg>-optimise</arg>
            <arg>-target:jvm-1.6</arg>
          </args>
        </configuration>
      </plugin>
      <plugin>
        <artifactId>maven-shade-plugin</artifactId>
        <version>3.1.0</version>
        <executions>
          <execution>
            <phase>package</phase>
            <goals>
              <goal>shade</goal>
            </goals>
          </execution>
        </executions>
        <configuration>
          <relocations>
            <relocation>
              <pattern>org.apache.http</pattern>
              <shadedPattern>org.shaded.apache.http</shadedPattern>
            </relocation>
            <relocation>
              <pattern>com.facebook.fb303</pattern>
              <shadedPattern>shade.com.facebook.fb303</shadedPattern>
            </relocation>
            <relocation>
              <pattern>org.apache.thrift</pattern>
              <shadedPattern>shade.org.apache.thrift</shadedPattern>
            </relocation>
          </relocations>
          <transformers>
            <transformer>
              <resource>application.conf</resource>
            </transformer>
          </transformers>
          <artifactSet>
            <includes>
              <include>*:*</include>
            </includes>
            <excludes>
              <exclude>org.apache.spark:*</exclude>
              <exclude>org.apache.hadoop:*</exclude>
              <exclude>org.slf4j:*</exclude>
              <exclude>log4j:*</exclude>
            </excludes>
          </artifactSet>
          <filters>
            <filter>
              <artifact>*:*</artifact>
              <excludes>
                <exclude>META-INF/*.SF</exclude>
                <exclude>META-INF/*.DSA</exclude>
                <exclude>META-INF/*.RSA</exclude>
              </excludes>
            </filter>
          </filters>
        </configuration>
      </plugin>
      <plugin>
        <groupId>org.scalatest</groupId>
        <artifactId>scalatest-maven-plugin</artifactId>
        <version>1.0</version>
        <executions>
          <execution>
            <id>test</id>
            <goals>
              <goal>test</goal>
            </goals>
          </execution>
        </executions>
        <configuration>
          <reportsDirectory>${project.build.directory}/surefire-reports</reportsDirectory>
          <junitxml>.</junitxml>
          <filereports>WDF TestSuite.txt</filereports>
        </configuration>
      </plugin>
      <plugin>
        <groupId>org.jacoco</groupId>
        <artifactId>jacoco-maven-plugin</artifactId>
        <version>0.8.2</version>
        <executions>
          <execution>
            <id>pre-unit-test</id>
            <goals>
              <goal>prepare-agent</goal>
            </goals>
          </execution>
          <execution>
            <id>post-unit-test</id>
            <phase>test</phase>
            <goals>
              <goal>report</goal>
            </goals>
          </execution>
        </executions>
      </plugin>
    </plugins>
  </build>
  <profiles>
    <profile>
      <id>dev</id>
      <properties>
        <deploy.version>1.0-SNAPSHOT</deploy.version>
      </properties>
    </profile>
    <profile>
      <id>test</id>
      <properties>
        <deploy.version>1.0-SNAPSHOT</deploy.version>
      </properties>
    </profile>
    <profile>
      <id>preview</id>
      <properties>
        <deploy.version>1.0</deploy.version>
      </properties>
    </profile>
    <profile>
      <id>prod</id>
      <properties>
        <deploy.version>1.0</deploy.version>
      </properties>
    </profile>
  </profiles>
  <dependencies>
    <dependency>
      <groupId>org.scalatest</groupId>
      <artifactId>scalatest_2.11</artifactId>
      <version>3.0.0</version>
      <scope>test</scope>
      <exclusions>
        <exclusion>
          <artifactId>scalactic_2.11</artifactId>
          <groupId>org.scalactic</groupId>
        </exclusion>
      </exclusions>
    </dependency>
    <dependency>
      <groupId>org.apache.spark</groupId>
      <artifactId>spark-core_2.11</artifactId>
      <version>2.3.3</version>
      <scope>compile</scope>
      <exclusions>
        <exclusion>
          <artifactId>slf4j-log4j12</artifactId>
          <groupId>org.slf4j</groupId>
        </exclusion>
      </exclusions>
    </dependency>
    <dependency>
      <groupId>org.apache.spark</groupId>
      <artifactId>spark-launcher_2.11</artifactId>
      <version>2.3.3</version>
      <scope>compile</scope>
    </dependency>
    <dependency>
      <groupId>org.apache.spark</groupId>
      <artifactId>spark-sql_2.11</artifactId>
      <version>2.3.3</version>
      <scope>compile</scope>
    </dependency>
  </dependencies>
  <properties>
    <flink.version>1.7.2</flink.version>
    <maven.deploy.skip>true</maven.deploy.skip>
  </properties>
</project>

