{
  "properties": {
    "examUser": {
      "type": "keyword"
    },
    "examUserSex": {
      "type": "keyword"
    },
    "examUserBirth": {
      "type": "keyword"
    },
    "diagnoses": {
      "properties": {
        "scrq": {
          "type": "keyword"
        },
        "checkItemMisCode": {
          "type": "keyword"
        },
        "familiarDiagnoseMisCode": {
          "type": "keyword"
        },
        "familiarDiagnoseName": {
          "type": "keyword"
        },
        "itemIndexMisCode": {
          "type": "keyword"
        },
        "content": {
          "type": "keyword"
        }
      }
    }
  }
}